filter_idx,category,consensus_B2CTCF,consensus_CTCF,consensus_B2noCTCF,mean_act_B2CTCF,mean_act_CTCF,mean_act_B2noCTCF,mean_IC,homopolymers
21,shared_all_3,CTGAAGACAGCTACA,CACTAGAAGGCGCCA,CTGAAGACAGCTACA,1.3661964,1.2610644,1.3048745,1.7186144750569123,none
36,B2CTCF_specific,GGTCCTGAGTTCAAT,GGTCCTGAACTCTAG,GGTCCTGAGTTCAAT,1.2198874,0.99908864,1.2023625,1.869359537104519,none
37,shared_CTCF_groups,CAATGCCCTCTTCTG,TAGTGCCCTCTAGTG,CAAAGCTCTCTAGTG,1.2201824,1.3463458,1.2064302,1.0018936970371557,Cx3
41,general_B2,AGTGGTTAAGAGCAC,AGTGATGACTCACAG,AGTGGTTAAGAGCAC,1.1842455,1.1791711,1.1769783,1.1893255043212791,none
42,general_B2,TCTCAACTATCTGCA,TCTCTTCTTTGTGCA,TCACAACCATCTGTA,1.2153975,1.2293959,1.1782441,0.9779081805927651,none
54,general_B2,TTCCCAGCAACCACA,TTATCAACAACCACC,TTCCCAGCAACCACA,1.2023565,1.2153182,1.2088836,1.1114299257847775,Cx3
59,shared_all_3,TGCTCTTCCAAAGGT,TGCAGTTCTTACTAT,TGCTCTTCCAGAGGT,1.2740916,1.3506001,1.2608547,1.062968385470549,Ax3
62,general_B2,TGCTCTTCCAAAGGT,GGCTGTTTTAAAAAC,TGCTCTTCTAAAGGT,1.2444879,1.1852858,1.1880766,1.210969776740837,Ax3
64,general_B2,AAATCCCAGCAACCA,ACATCGAAGCTGCCA,AATTCCCAGCAACCA,1.1884048,1.1502782,1.1555948,1.492825359109742,Ax3; Cx3
89,B2CTCF_specific,GTCTGAAGACAGCTA,GCCAGTAGACGGCGT,GTCTGAAGACAGCTT,1.2132957,1.1036364,1.1545156,1.5047470340955853,none
94,shared_all_3,CCACCTGGTGGTGCC,CCACCAGGTGGCGCT,CCTCCAGGTGTTGCC,1.2386209,1.3188574,1.2297053,0.7725601285028982,none
98,shared_all_3,GCACGTAAGATATAT,CCACGCAAAAAAGAA,TCACGTAAAAAATAA,1.1897981,1.2387731,1.2372879,0.4490464752357635,none
104,B2CTCF_specific,CCCTCTTCTGGTGTG,CCATCATCTGGTGAG,CCATCATGTGGTGGG,1.2059643,1.1810335,1.2129267,1.2282297843093468,Cx3
105,general_B2,CCCAATATGGGTTCT,CCCAATAGGGGGCAA,CCCAATATGGGTCCT,1.106305,1.1462338,1.1095332,0.6891379826436936,Cx3; Gx3
113,shared_all_3,TGGTTGGTAGGTGTA,TGGCCACCAGGTGGA,TGGTTAGCAGCTGTA,1.2000004,1.3690816,1.1919822,0.6429084774707007,none
116,shared_all_3,CACTGTAGCTGTCTT,CCATCTACTGGTAAA,AACTGTACTTGTATA,1.2482136,1.3261445,1.2932392,0.9557496705480586,none
118,shared_all_3,ATCAGATCCCATTAC,ACCTAGTGGAATTGC,ATCTGATGGAATTGC,1.2644117,1.3192288,1.2769874,1.105500662970614,Cx3
122,shared_all_3,AAGGTCCTGAGTTCA,AAGTTCCAGATTTGA,GAGGTCCTGAGTTCA,1.2764735,1.2272743,1.2484679,1.354106663602691,none
123,shared_CTCF_groups,ATGCCCTCTTCTGGT,GTGCCATCTACTGGC,GTGCAATCTTCTGGT,1.2198128,1.3473262,1.1726855,1.5357051577554373,Cx3
125,shared_CTCF_groups,CCACCATGTGGTTGC,CCGCCACCTGGTGGC,CCACCATGTGGTTGC,1.572984,1.5805635,1.5501965,1.7901396433787424,none
